grid,benchmark,variant,seed,status,legal,comp_res_hpwl,rudy_peak,rudy_top5_mean,wall_seconds,episodes,best_epoch,stage,failure
448,adaptec1,linkplace-c,999,complete,True,573309.1875000006,0.66227382845122,0.08215112110920182,6350.397952079773,,,,
448,adaptec1,linkplace-c,1000,complete,True,572752.4821428586,0.6227709103693188,0.08245805656338367,6371.744340419769,,,,
448,adaptec1,linkplace-c,1001,complete,True,569346.2790178577,0.6621380546334127,0.08146779822523675,6340.534675359726,,,,
448,adaptec1,linkplace-c,1002,complete,True,571354.4464285721,0.7911296473242042,0.08270781455674621,6342.629071474075,,,,
448,adaptec1,linkplace-c,1003,complete,True,574745.0267857148,0.5929320772901032,0.082099324132496,6337.170096158981,,,,
448,adaptec1,linkplace-m,999,complete,True,578076.9910714285,0.6622142680145311,0.08244011474032137,8342.495677947998,1000,626,,
448,adaptec1,linkplace-m,1000,complete,True,574072.584821429,0.5927391755407045,0.08123993433781958,8371.142666339874,1000,566,,
448,adaptec1,linkplace-m,1001,complete,True,582132.6674107141,0.7883002431381043,0.08258967652958589,8264.484023571014,1000,579,,
448,adaptec1,linkplace-m,1002,complete,True,579412.4776785711,0.5929338980601915,0.08236612247153327,8297.257231473923,1000,758,,
448,adaptec1,linkplace-m,1003,complete,True,571503.133928572,0.5937687426213663,0.08197688477252975,8306.718616962433,1000,906,,
448,adaptec1,all-greedy,999,complete,True,619526.7544642867,0.786933366966136,0.08584305863560526,,,,,
448,adaptec1,all-greedy,1000,failed,,,,,,,,large-greedy,no local relative layout for component 0 on attempt 1
448,adaptec1,all-greedy,1001,failed,,,,,,,,large-greedy,no local relative layout for component 0 on attempt 1
448,adaptec1,all-greedy,1002,failed,,,,,,,,large-greedy,no local relative layout for component 0 on attempt 1
448,adaptec1,all-greedy,1003,failed,,,,,,,,large-greedy,no local relative layout for component 0 on attempt 1
448,adaptec2,linkplace-c,999,complete,True,2898454.3303570757,0.8370052029817567,0.1493623524987245,7355.779168844223,,,,
448,adaptec2,linkplace-c,1000,complete,True,3497725.919642816,1.0349883133531836,0.15150133873635432,7304.721475124359,,,,
448,adaptec2,linkplace-c,1001,complete,True,3186059.8660714,0.5760071537443966,0.14450411611257477,7313.094691753387,,,,
448,adaptec2,linkplace-c,1002,complete,True,3102378.267857102,0.5935080427199965,0.1396622667575495,7332.554671764374,,,,
448,adaptec2,linkplace-c,1003,complete,True,3327742.749999973,0.6209370403764016,0.13467157268452654,7368.417291402817,,,,
448,adaptec2,linkplace-m,999,complete,True,2810248.383928602,0.8983792355868807,0.13811379657658218,8694.462036371231,1000,828,,
448,adaptec2,linkplace-m,1000,complete,True,2887433.6249999884,0.785925755759852,0.13756998131793025,8684.566098690033,1000,434,,
448,adaptec2,linkplace-m,1001,complete,True,2882239.642857124,0.9784960539150529,0.14164317939887358,8690.461415052414,1000,962,,
448,adaptec2,linkplace-m,1002,complete,True,2872519.2053571446,0.8236173519388892,0.14393877046178558,8672.59856748581,1000,527,,
448,adaptec2,linkplace-m,1003,complete,True,2876918.5803571343,0.9004682952034389,0.1446632250204417,8724.793870687485,1000,667,,
448,adaptec2,all-greedy,999,failed,,,,,,,,large-greedy,no local relative layout for component 0 on attempt 1
448,adaptec2,all-greedy,1000,failed,,,,,,,,large-greedy,no local relative layout for component 0 on attempt 1
448,adaptec2,all-greedy,1001,failed,,,,,,,,large-greedy,no local relative layout for component 0 on attempt 1
448,adaptec2,all-greedy,1002,failed,,,,,,,,large-greedy,no local relative layout for component 0 on attempt 1
448,adaptec2,all-greedy,1003,failed,,,,,,,,large-greedy,no local relative layout for component 0 on attempt 1
448,adaptec3,linkplace-c,999,complete,True,5050789.816964292,0.43172653389312227,0.08681803423083204,8452.3117146492,,,,
448,adaptec3,linkplace-c,1000,complete,True,5083306.982142866,0.5909073434709798,0.08759414964543459,8458.055025100708,,,,
448,adaptec3,linkplace-c,1001,complete,True,5116046.500000009,0.8023324906632152,0.08934914786067534,8475.621896982193,,,,
448,adaptec3,linkplace-c,1002,complete,True,5080691.665178587,0.5245037821784938,0.0887551845823277,8481.775712490082,,,,
448,adaptec3,linkplace-c,1003,complete,True,5233430.58482144,0.5427715986234385,0.08629906678357518,8454.62063241005,,,,
448,adaptec3,linkplace-m,999,complete,True,5244936.05357143,0.5349382518435716,0.0866432344261496,11085.85606265068,1000,997,,
448,adaptec3,linkplace-m,1000,complete,True,5250266.834821426,0.5993150100223246,0.08785926371951391,11063.195169687271,1000,918,,
448,adaptec3,linkplace-m,1001,complete,True,5268650.406250012,0.6038360545321313,0.09004736940550345,11129.688869953156,1000,855,,
448,adaptec3,linkplace-m,1002,complete,True,5296347.058035703,0.4017420481735142,0.08797988775259329,11151.796230077744,1000,239,,
448,adaptec3,linkplace-m,1003,complete,True,5246663.968749992,0.6834197855343193,0.08744859476317464,11040.56852221489,1000,916,,
448,adaptec3,all-greedy,999,failed,,,,,,,,large-greedy,no local relative layout for component 0 on attempt 1
448,adaptec3,all-greedy,1000,failed,,,,,,,,large-greedy,no local relative layout for component 0 on attempt 1
448,adaptec3,all-greedy,1001,failed,,,,,,,,large-greedy,no local relative layout for component 0 on attempt 1
448,adaptec3,all-greedy,1002,failed,,,,,,,,large-greedy,no local relative layout for component 0 on attempt 1
448,adaptec3,all-greedy,1003,failed,,,,,,,,large-greedy,no local relative layout for component 0 on attempt 1
448,adaptec4,linkplace-c,999,complete,True,4395695.138392832,0.3854815242341892,0.07492247829530006,13209.919894695282,,,,
448,adaptec4,linkplace-c,1000,complete,True,4395060.0089285495,0.4108206229297147,0.0769966461864736,13139.631891965866,,,,
448,adaptec4,linkplace-c,1001,complete,True,4361507.999999972,0.3854801673113058,0.07692652728189125,13463.916197538376,,,,
448,adaptec4,linkplace-c,1002,complete,True,4352363.803571407,0.38145761943283607,0.07544803087208828,13225.955397129059,,,,
448,adaptec4,linkplace-c,1003,complete,True,4364242.392857125,0.41039282765715707,0.07546023768291367,13189.551206827164,,,,
448,adaptec4,linkplace-m,999,complete,True,4582712.785714277,0.386412153785656,0.08008944742473596,20431.540345430374,1000,973,,
448,adaptec4,linkplace-m,1000,complete,True,4585343.65178572,0.38922204883791833,0.08207475354850807,20403.202426195145,1000,898,,
448,adaptec4,linkplace-m,1001,complete,True,4563832.084821406,0.3833534144812164,0.07929841783091757,20457.201308488846,1000,629,,
448,adaptec4,linkplace-m,1002,complete,True,4532943.071428553,0.3916961686272175,0.07607431624151488,20366.30988240242,1000,585,,
448,adaptec4,linkplace-m,1003,complete,True,4503182.874999984,0.37818034008937446,0.07852413585689376,20491.752854585648,1000,803,,
448,adaptec4,all-greedy,999,complete,True,4700144.004464262,0.40960803335857776,0.08754602029981348,,,,,
448,adaptec4,all-greedy,1000,failed,,,,,,,,large-greedy,no local relative layout for component 1 on attempt 1
448,adaptec4,all-greedy,1001,complete,True,4751496.991071431,0.45639526230329197,0.08690760669622677,,,,,
448,adaptec4,all-greedy,1002,complete,True,4632216.428571413,0.4563463787911981,0.082941564689863,,,,,
448,adaptec4,all-greedy,1003,failed,,,,,,,,large-greedy,no local relative layout for component 1 on attempt 1
448,bigblue1,linkplace-c,999,complete,True,214469.69866071493,0.13727309280301253,0.030780256912651717,8058.46341252327,,,,
448,bigblue1,linkplace-c,1000,complete,True,207866.8169642865,0.13216554971381597,0.03041546745338144,8060.402367115021,,,,
448,bigblue1,linkplace-c,1001,complete,True,212090.70758928638,0.15813425207127008,0.030454320567025194,8273.423471689224,,,,
448,bigblue1,linkplace-c,1002,complete,True,214997.40625000073,0.13091644984531467,0.031142141127286103,8085.425513267517,,,,
448,bigblue1,linkplace-c,1003,complete,True,213796.36160714354,0.13091356696927842,0.030790263817624522,8115.9294629096985,,,,
448,bigblue1,linkplace-m,999,complete,True,214621.6116071436,0.13863361523960763,0.03065501780817674,8517.673357963562,1000,253,,
448,bigblue1,linkplace-m,1000,complete,True,208419.33928571478,0.15044368615329912,0.03064615890772171,8684.79144358635,1000,791,,
448,bigblue1,linkplace-m,1001,complete,True,211423.8727678578,0.1372813859984167,0.030316975132421625,8445.353380203247,1000,843,,
448,bigblue1,linkplace-m,1002,complete,True,212389.5625000006,0.1309269689859979,0.030533957926019227,8589.189575433731,1000,552,,
448,bigblue1,linkplace-m,1003,complete,True,212831.0290178578,0.13133373546566504,0.029741688746509853,8597.259972333908,1000,933,,
448,bigblue1,all-greedy,999,complete,True,217227.98883928644,0.13136588507811953,0.03103191103619753,,,,,
448,bigblue1,all-greedy,1000,complete,True,217018.24107142945,0.1421781181546895,0.030754342237899326,,,,,
448,bigblue1,all-greedy,1001,complete,True,215406.85937500073,0.13863570913558598,0.03043090162793733,,,,,
448,bigblue1,all-greedy,1002,complete,True,215668.99776785792,0.1359423045119646,0.030870927664607823,,,,,
448,bigblue1,all-greedy,1003,complete,True,220244.3169642865,0.1309254873243522,0.03065633890499771,,,,,
448,bigblue2,linkplace-c,999,complete,True,803364.9017857114,0.07780963596672798,0.021410906757247546,13652.503107070923,,,,
448,bigblue2,linkplace-c,1000,complete,True,809913.2767857114,0.07661053444104213,0.021530787727524228,13623.45105266571,,,,
448,bigblue2,linkplace-c,1001,complete,True,812152.2053571405,0.07558738281576169,0.021867145451996115,13540.913063049316,,,,
448,bigblue2,linkplace-c,1002,complete,True,798184.5267857121,0.06578700218470482,0.020866354581770406,13640.08304643631,,,,
448,bigblue2,linkplace-c,1003,complete,True,795827.1785714274,0.06381472006142255,0.021769136803363846,13873.296376943588,,,,
448,bigblue2,linkplace-m,999,complete,True,821983.491071424,0.08054526453838115,0.022176797136888162,15871.79723405838,1000,775,,
448,bigblue2,linkplace-m,1000,complete,True,822951.3660714267,0.07336287168722336,0.021446157296526276,15732.158041477203,1000,893,,
448,bigblue2,linkplace-m,1001,complete,True,848012.2857142831,0.0657136778826571,0.02117809308163483,16029.7237033844,1000,145,,
448,bigblue2,linkplace-m,1002,complete,True,813790.1517857123,0.07902616961720607,0.02195116804327963,15885.508350372314,1000,256,,
448,bigblue2,linkplace-m,1003,complete,True,815535.7232142837,0.07641312628082578,0.02163462650520152,15763.06573843956,1000,990,,
448,bigblue2,all-greedy,999,failed,,,,,,,,large-greedy,no local relative layout for component 0 on attempt 1
448,bigblue2,all-greedy,1000,failed,,,,,,,,large-greedy,no local relative layout for component 0 on attempt 1
448,bigblue2,all-greedy,1001,failed,,,,,,,,large-greedy,no local relative layout for component 0 on attempt 1
448,bigblue2,all-greedy,1002,failed,,,,,,,,large-greedy,no local relative layout for component 0 on attempt 1
448,bigblue2,all-greedy,1003,failed,,,,,,,,large-greedy,no local relative layout for component 0 on attempt 1
448,bigblue3,linkplace-c,999,complete,True,3051695.562499987,0.8714317157495348,0.07186494732895682,12951.084128856659,,,,
448,bigblue3,linkplace-c,1000,complete,True,3132617.1875000214,0.8171566800690084,0.07568839886020824,12956.862884998322,,,,
448,bigblue3,linkplace-c,1001,complete,True,3068083.794642853,0.8369918647219189,0.07281735775645196,13016.134459733963,,,,
448,bigblue3,linkplace-c,1002,complete,True,3168206.642857168,0.7483525497303434,0.07686271588708538,13058.18627667427,,,,
448,bigblue3,linkplace-c,1003,complete,True,3202271.1249999986,0.8177506846364266,0.07594764552212248,13172.954290151596,,,,
448,bigblue3,linkplace-m,999,complete,True,3146125.3035714114,0.8177513085235324,0.07484376984227255,19927.137224197388,1000,678,,
448,bigblue3,linkplace-m,1000,complete,True,3216577.294642851,0.750563059260893,0.07688139515199645,20165.97380375862,1000,908,,
448,bigblue3,linkplace-m,1001,complete,True,3276612.0714285695,0.817133978967713,0.07807039122115407,20165.25149512291,1000,341,,
448,bigblue3,linkplace-m,1002,complete,True,3099064.928571431,0.8219516378387427,0.07329348825193532,20125.9785861969,1000,685,,
448,bigblue3,linkplace-m,1003,complete,True,3446057.0446428526,0.8177518067989678,0.08086575879910199,19873.615127801895,1000,672,,
448,bigblue3,all-greedy,999,complete,True,6823821.857142724,0.8171637813342436,0.13842747386501822,,,,,
448,bigblue3,all-greedy,1000,failed,,,,,,,,small-greedy,no legal grid position
448,bigblue3,all-greedy,1001,failed,,,,,,,,small-greedy,no legal grid position
448,bigblue3,all-greedy,1002,failed,,,,,,,,small-greedy,no legal grid position
448,bigblue3,all-greedy,1003,failed,,,,,,,,small-greedy,no legal grid position
448,bigblue4,linkplace-c,999,complete,True,5273350.736607229,0.3965547354979349,0.07959348795882767,13573.362878322601,,,,
448,bigblue4,linkplace-c,1000,complete,True,5290956.272321522,0.394826501247338,0.07904805377390364,13485.297630310059,,,,
448,bigblue4,linkplace-c,1001,complete,True,5332147.066964443,0.672188859658724,0.07866824185180508,13517.968453884125,,,,
448,bigblue4,linkplace-c,1002,complete,True,5388591.325892967,0.39579445002612906,0.07996925169726113,13499.70161819458,,,,
448,bigblue4,linkplace-c,1003,complete,True,5388356.522321547,0.42622083460596805,0.0797305545310268,13634.818601846695,,,,
448,bigblue4,linkplace-m,999,complete,True,5191505.861607278,0.3902883982344179,0.08172884566392229,15754.675808906555,1000,600,,
448,bigblue4,linkplace-m,1000,complete,True,5342096.580357256,0.3954177878675584,0.0797338315546234,16094.0789539814,1000,841,,
448,bigblue4,linkplace-m,1001,complete,True,5209248.651785821,0.4263879068694885,0.07784732482130581,15918.092692375183,1000,244,,
448,bigblue4,linkplace-m,1002,complete,True,5328840.790178664,0.41515318353627834,0.0799846618231745,15864.983963251114,1000,835,,
448,bigblue4,linkplace-m,1003,complete,True,5373645.299107284,0.4107948535304146,0.08093631278489459,15949.89717578888,1000,698,,
448,bigblue4,all-greedy,999,complete,True,6158133.151785859,0.4166757057760396,0.08681630845350602,,,,,
448,bigblue4,all-greedy,1000,complete,True,5558832.102678736,0.43437722846844423,0.08212013467137469,,,,,
448,bigblue4,all-greedy,1001,failed,,,,,,,,large-greedy,no local relative layout for component 0 on attempt 1
448,bigblue4,all-greedy,1002,complete,True,5655691.303571558,0.42569844320938033,0.08037304466911338,,,,,
448,bigblue4,all-greedy,1003,complete,True,5487939.482143051,0.4256996943970079,0.07961784490514874,,,,,
224,adaptec1,linkplace-c,999,complete,True,590630.1294642864,0.5821854596178853,0.08356945994252331,2411.630155324936,,,,
224,adaptec1,linkplace-c,1000,complete,True,591361.6741071432,0.5821646552736341,0.082992844814495,2418.102424144745,,,,
224,adaptec1,linkplace-c,1001,complete,True,595050.1651785726,0.5908066733672765,0.08397409472521622,2454.6672446727753,,,,
224,adaptec1,linkplace-c,1002,complete,True,594721.2008928576,0.5819274385971911,0.08332301253125352,2410.2693395614624,,,,
224,adaptec1,linkplace-c,1003,complete,True,599323.968750001,0.5907242838168325,0.08380921209925676,2444.901206254959,,,,
224,adaptec1,linkplace-m,999,complete,True,602593.8750000008,0.5908066733672765,0.08415912483878356,3103.510449409485,1000,500,,
224,adaptec1,linkplace-m,1000,complete,True,602156.7187500012,0.590724283816835,0.08435668248399131,3054.5061843395233,1000,443,,
224,adaptec1,linkplace-m,1001,complete,True,598821.5803571431,0.5821442999994452,0.08297562070900057,3059.722095966339,1000,640,,
224,adaptec1,linkplace-m,1002,complete,True,603323.2455357142,0.5821455996207866,0.08344585329749618,3037.9849207401276,1000,717,,
224,adaptec1,linkplace-m,1003,complete,True,601432.7455357144,0.5818711789848909,0.08280985052443343,3119.052426815033,1000,317,,
224,adaptec1,all-greedy,999,failed,,,,,,,,large-greedy,no local relative layout for component 0 on attempt 1
224,adaptec1,all-greedy,1000,failed,,,,,,,,large-greedy,no local relative layout for component 0 on attempt 1
224,adaptec1,all-greedy,1001,failed,,,,,,,,large-greedy,no local relative layout for component 0 on attempt 1
224,adaptec1,all-greedy,1002,failed,,,,,,,,large-greedy,no local relative layout for component 0 on attempt 1
224,adaptec1,all-greedy,1003,complete,True,597045.799107143,0.5819037936150957,0.08308047914087219,,,,,
224,adaptec2,linkplace-c,999,complete,True,3385525.9464286263,0.5739700836618619,0.156041015165543,2865.127989053726,,,,
224,adaptec2,linkplace-c,1000,complete,True,3881386.4107143288,0.5851801268228632,0.1420669351096882,2818.239360809326,,,,
224,adaptec2,linkplace-c,1001,complete,True,3258354.2678571977,0.7238157536034607,0.1333498506023638,2831.0176301002502,,,,
224,adaptec2,linkplace-c,1002,complete,True,3463988.053571468,0.7118943198914326,0.12965198720690815,2810.7461292743683,,,,
224,adaptec2,linkplace-c,1003,complete,True,3986015.910714301,0.5771656838098927,0.145712383467156,2844.3931176662445,,,,
224,adaptec2,linkplace-m,999,complete,True,3195086.053571451,0.7853546244500424,0.13976799348118554,3220.4481630325317,1000,832,,
224,adaptec2,linkplace-m,1000,complete,True,3134103.000000105,0.8938407822941073,0.13691559752555665,3208.784875869751,1000,618,,
224,adaptec2,linkplace-m,1001,complete,True,3028947.7321428875,0.8175167793768517,0.13822096528172606,3204.992770433426,1000,906,,
224,adaptec2,linkplace-m,1002,complete,True,3066012.000000062,0.8938407822941152,0.13913625230263948,3209.688527584076,1000,566,,
224,adaptec2,linkplace-m,1003,complete,True,3298397.4642857728,0.8249537443375755,0.13881081447274707,3288.870603322983,1000,852,,
224,adaptec2,all-greedy,999,failed,,,,,,,,large-greedy,no local relative layout for component 0 on attempt 1
224,adaptec2,all-greedy,1000,failed,,,,,,,,large-greedy,no local relative layout for component 0 on attempt 1
224,adaptec2,all-greedy,1001,failed,,,,,,,,large-greedy,no local relative layout for component 0 on attempt 1
224,adaptec2,all-greedy,1002,failed,,,,,,,,large-greedy,no local relative layout for component 0 on attempt 1
224,adaptec2,all-greedy,1003,failed,,,,,,,,large-greedy,no local relative layout for component 0 on attempt 1
224,adaptec3,linkplace-c,999,complete,True,5265495.866071485,0.5894843895718372,0.08265345732336762,3280.209997177124,,,,
224,adaptec3,linkplace-c,1000,complete,True,5240982.294642922,0.5944895717560448,0.08520126749201594,3317.964389562607,,,,
224,adaptec3,linkplace-c,1001,complete,True,5300721.803571469,0.5945657045073589,0.08485171496225007,3260.9532074928284,,,,
224,adaptec3,linkplace-c,1002,complete,True,5253241.107142902,0.59449008620208,0.08249736483470399,3238.981175661087,,,,
224,adaptec3,linkplace-c,1003,complete,True,5307077.982142902,0.5944906242158692,0.08194565726892603,3271.2479054927826,,,,
224,adaptec3,linkplace-m,999,complete,True,5519586.883928571,0.5944844008592595,0.08384157094625726,4183.88069319725,1000,767,,
224,adaptec3,linkplace-m,1000,complete,True,5334587.8035714775,0.5944925020763903,0.08372030509997026,4096.38197517395,1000,553,,
224,adaptec3,linkplace-m,1001,complete,True,5393562.401785758,0.739502243798325,0.08687822009500523,4077.6961011886597,1000,452,,
224,adaptec3,linkplace-m,1002,complete,True,5487134.473214325,0.5944978103866896,0.08783960748142974,4101.2560493946075,1000,831,,
224,adaptec3,linkplace-m,1003,complete,True,5449762.785714295,0.594489028475952,0.08553503472561187,4078.4605617523193,1000,583,,
224,adaptec3,all-greedy,999,failed,,,,,,,,large-greedy,no legal rigid translation for component 9 on attempt 1
224,adaptec3,all-greedy,1000,failed,,,,,,,,large-greedy,no local relative layout for component 0 on attempt 1
224,adaptec3,all-greedy,1001,failed,,,,,,,,large-greedy,no local relative layout for component 0 on attempt 1
224,adaptec3,all-greedy,1002,failed,,,,,,,,large-greedy,no local relative layout for component 0 on attempt 1
224,adaptec3,all-greedy,1003,failed,,,,,,,,large-greedy,no local relative layout for component 0 on attempt 1
224,adaptec4,linkplace-c,999,complete,True,4665715.830357152,0.3726889822893444,0.0765464657743493,5102.497023820877,,,,
224,adaptec4,linkplace-c,1000,complete,True,4728969.883928577,0.37270058697229447,0.07628435687281959,5128.830109834671,,,,
224,adaptec4,linkplace-c,1001,complete,True,4655185.785714294,0.3705504109969529,0.0752099293225044,5138.2684988975525,,,,
224,adaptec4,linkplace-c,1002,complete,True,4672317.580357167,0.3817188685309698,0.07507617061003728,5099.442358970642,,,,
224,adaptec4,linkplace-c,1003,complete,True,4628996.2410714235,0.37267951073351346,0.07610915309942631,5139.105364322662,,,,
224,adaptec4,linkplace-m,999,complete,True,4857782.589285725,0.3413290928325847,0.0792216859603048,7497.12305688858,1000,624,,
224,adaptec4,linkplace-m,1000,complete,True,4848298.455357158,0.3727141767712432,0.07824892483220662,7648.721307992935,1000,611,,
224,adaptec4,linkplace-m,1001,complete,True,4808247.830357148,0.3720530648569094,0.07697002609724808,7542.9198570251465,1000,870,,
224,adaptec4,linkplace-m,1002,complete,True,4841332.401785729,0.37264144135434435,0.07707599782096859,7519.3697900772095,1000,628,,
224,adaptec4,linkplace-m,1003,complete,True,4756111.437500008,0.3700806887001897,0.07586961819412465,7492.759466171265,1000,793,,
224,adaptec4,all-greedy,999,complete,True,4982516.267857162,0.3725280180232335,0.08088811061971281,,,,,
224,adaptec4,all-greedy,1000,failed,,,,,,,,large-greedy,no local relative layout for component 1 on attempt 1
224,adaptec4,all-greedy,1001,failed,,,,,,,,large-greedy,no local relative layout for component 1 on attempt 1
224,adaptec4,all-greedy,1002,failed,,,,,,,,large-greedy,no local relative layout for component 1 on attempt 1
224,adaptec4,all-greedy,1003,failed,,,,,,,,large-greedy,no local relative layout for component 1 on attempt 1
224,bigblue1,linkplace-c,999,complete,True,227965.23214285853,0.12270430060354187,0.030453073226454876,3117.5270569324493,,,,
224,bigblue1,linkplace-c,1000,complete,True,226359.90625000076,0.12270936904891103,0.030323220459065138,3104.9856894016266,,,,
224,bigblue1,linkplace-c,1001,complete,True,226131.91517857215,0.12271021943123388,0.030203798945524534,3161.992616415024,,,,
224,bigblue1,linkplace-c,1002,complete,True,223019.8303571444,0.12269617932653537,0.03001315462640494,3162.1873755455017,,,,
224,bigblue1,linkplace-c,1003,complete,True,229355.2678571437,0.12270919999441525,0.030388771716991808,3158.3486936092377,,,,
224,bigblue1,linkplace-m,999,complete,True,225939.45089285786,0.12270974739206536,0.030516108297739816,3161.0382425785065,1000,229,,
224,bigblue1,linkplace-m,1000,complete,True,224437.33482142928,0.1278031490417812,0.030763082689811296,3159.607293367386,1000,288,,
224,bigblue1,linkplace-m,1001,complete,True,223980.59821428644,0.12871439839260385,0.030847230054148484,3120.4473690986633,1000,439,,
224,bigblue1,linkplace-m,1002,complete,True,222414.8616071436,0.12270153013090292,0.030645202710562897,3203.909150838852,1000,979,,
224,bigblue1,linkplace-m,1003,complete,True,226610.86607142934,0.12269728709428938,0.03022255368524069,3150.056720018387,1000,514,,
224,bigblue1,all-greedy,999,failed,,,,,,,,large-greedy,no local relative layout for component 0 on attempt 1
224,bigblue1,all-greedy,1000,complete,True,227909.6517857151,0.14703230858624036,0.031223105019472907,,,,,
224,bigblue1,all-greedy,1001,complete,True,232943.68750000081,0.14703706971379898,0.03068433560161479,,,,,
224,bigblue1,all-greedy,1002,complete,True,230289.75000000084,0.14705226711855923,0.03103974590357975,,,,,
224,bigblue1,all-greedy,1003,complete,True,229508.95982142925,0.14703991462411845,0.03078954139222231,,,,,
224,bigblue2,linkplace-c,999,complete,True,808778.1428571399,0.06755219638459749,0.020795323564831963,5584.885601520538,,,,
224,bigblue2,linkplace-c,1000,complete,True,807838.249999998,0.05882558008595537,0.021212606945588106,5250.336647510529,,,,
224,bigblue2,linkplace-c,1001,complete,True,809086.1964285693,0.0662842950838003,0.02056746414753508,5237.451455593109,,,,
224,bigblue2,linkplace-c,1002,complete,True,810350.2321428551,0.06735900078076587,0.02113438222552178,5234.573271274567,,,,
224,bigblue2,linkplace-c,1003,complete,True,799378.4285714258,0.06676960212981138,0.02049739574117503,5311.66276550293,,,,
224,bigblue2,linkplace-m,999,complete,True,829214.7142857122,0.05880631269963144,0.020790435281459515,5875.118839979172,1000,850,,
224,bigblue2,linkplace-m,1000,complete,True,833373.482142854,0.06847401303167391,0.020894158343300932,5808.213418722153,1000,467,,
224,bigblue2,linkplace-m,1001,complete,True,840342.5535714247,0.06521534330034238,0.021311062134389082,5788.933225631714,1000,980,,
224,bigblue2,linkplace-m,1002,complete,True,827742.3392857121,0.060280939363690125,0.020911186637657286,5798.944709300995,1000,931,,
224,bigblue2,linkplace-m,1003,complete,True,819788.4285714248,0.06596646473585022,0.021639446448282165,5847.182906866074,1000,289,,
224,bigblue2,all-greedy,999,failed,,,,,,,,large-greedy,no local relative layout for component 0 on attempt 1
224,bigblue2,all-greedy,1000,failed,,,,,,,,large-greedy,no local relative layout for component 0 on attempt 1
224,bigblue2,all-greedy,1001,failed,,,,,,,,large-greedy,no local relative layout for component 0 on attempt 1
224,bigblue2,all-greedy,1002,failed,,,,,,,,large-greedy,no local relative layout for component 0 on attempt 1
224,bigblue2,all-greedy,1003,failed,,,,,,,,large-greedy,no local relative layout for component 0 on attempt 1
224,bigblue3,linkplace-c,999,complete,True,3353212.7142857327,0.7483233424852171,0.07806053198480283,5084.754638910294,,,,
224,bigblue3,linkplace-c,1000,complete,True,3579548.125000063,0.7483301442963985,0.07772499603115303,5141.47572183609,,,,
224,bigblue3,linkplace-c,1001,complete,True,3573883.9107143525,0.7483378213782061,0.0804084185352215,5030.6865022182465,,,,
224,bigblue3,linkplace-c,1002,complete,True,3348075.857142874,0.7483411008571118,0.07720859578631824,5090.241196155548,,,,
224,bigblue3,linkplace-c,1003,complete,True,3812547.3035714924,0.7801729540974519,0.07820235389954865,5052.511314630508,,,,
224,bigblue3,linkplace-m,999,complete,True,4050752.7678572084,0.7483524160667648,0.08554727985591429,7294.176556348801,1000,355,,
224,bigblue3,linkplace-m,1000,complete,True,3877684.375000037,0.7483445075292428,0.08199129216933818,7353.744971752167,1000,888,,
224,bigblue3,linkplace-m,1001,complete,True,4120493.1607143227,0.7483666052054425,0.08937551335860881,7489.231449365616,1000,790,,
224,bigblue3,linkplace-m,1002,complete,True,7315680.660714291,0.7483685065299278,0.13592696369365104,7414.023602247238,1000,368,,
224,bigblue3,linkplace-m,1003,complete,True,3747043.6607143427,0.748344825597109,0.08257521033152561,7416.366957187653,1000,617,,
224,bigblue3,all-greedy,999,complete,True,7299584.232142808,0.7483751598728401,0.1359051262779332,,,,,
224,bigblue3,all-greedy,1000,complete,True,7362511.946428514,0.7483847087885391,0.13594218208016354,,,,,
224,bigblue3,all-greedy,1001,failed,,,,,,,,large-greedy,no local relative layout for component 16 on attempt 1
224,bigblue3,all-greedy,1002,complete,True,7175813.107142818,0.7483862675740125,0.1350191674792218,,,,,
224,bigblue3,all-greedy,1003,failed,,,,,,,,small-greedy,no legal grid position
224,bigblue4,linkplace-c,999,complete,True,6124799.544642689,0.39493843057024963,0.08212240083398739,5551.598071813583,,,,
224,bigblue4,linkplace-c,1000,complete,True,5877272.116071324,0.4296938753974568,0.08653247279309999,5191.0034437179565,,,,
224,bigblue4,linkplace-c,1001,complete,True,5906048.883928425,0.7912505890926922,0.08110490673249385,5218.598028421402,,,,
224,bigblue4,linkplace-c,1002,complete,True,5999323.008928463,0.43225793814643404,0.08772145137459686,5202.588842630386,,,,
224,bigblue4,linkplace-c,1003,complete,True,5998477.696428463,0.44162130211384004,0.08346787904443058,5252.944003820419,,,,
224,bigblue4,linkplace-m,999,complete,True,5983703.55357134,0.4266086402128798,0.08270781387004796,5806.884679079056,1000,903,,
224,bigblue4,linkplace-m,1000,complete,True,5993697.580357031,0.422716280951286,0.08857060196226423,5831.692921876907,1000,970,,
224,bigblue4,linkplace-m,1001,complete,True,5811073.58035704,0.4358057391371103,0.0833381949784598,5822.385430812836,1000,729,,
224,bigblue4,linkplace-m,1002,complete,True,6086031.035714187,0.3947078907729231,0.08075245774331645,5815.481011867523,1000,513,,
224,bigblue4,linkplace-m,1003,complete,True,5935946.2053570235,0.7423180720123644,0.08478747151422776,5859.328866958618,1000,537,,
224,bigblue4,all-greedy,999,complete,True,6219682.839285481,0.441579350429424,0.08328544927988474,,,,,
224,bigblue4,all-greedy,1000,complete,True,6775547.383928474,0.4291726717954707,0.08388151009994746,,,,,
224,bigblue4,all-greedy,1001,complete,True,6943438.098214161,0.49779566890340976,0.08346012942956793,,,,,
224,bigblue4,all-greedy,1002,complete,True,6685452.83928557,0.39853482340937735,0.0851053883174897,,,,,
224,bigblue4,all-greedy,1003,complete,True,6367833.258928398,0.3979617267876,0.08321364233216513,,,,,
